id,treated,period,y
1,1,0,12.969298336904716
1,1,1,14.807298514025538
1,1,2,33.81476897637906
2,0,0,11.802543758852735
2,0,1,14.648778718001354
2,0,2,20.018448326131715
3,0,0,9.291628608498122
3,0,1,19.598343246794705
3,0,2,19.312579195934802
4,1,0,-3.6343202105982293
4,1,1,10.967478609217007
4,1,2,16.421035252717353
5,1,0,15.173653100920866
5,1,1,12.53823096590012
5,1,2,25.273938943578205
6,0,0,10.533266555232014
6,0,1,15.065816165311713
6,0,2,20.77669925694653
7,1,0,13.534692447075923
7,1,1,18.127658381372846
7,1,2,18.8030064786334
8,1,0,4.971226330381283
8,1,1,20.412592420594226
8,1,2,31.233069357202627
9,0,0,12.158503251021738
9,0,1,22.16086595506291
9,0,2,19.217624485325732
10,0,0,-2.441671823584617
10,0,1,17.81850248020938
10,0,2,4.670432698089668
11,1,0,9.16726526122161
11,1,1,19.625470842087676
11,1,2,16.384851440495808
12,0,0,9.946718432619456
12,0,1,5.787225514279264
12,0,2,14.198750589040628
13,0,0,8.370172044765711
13,0,1,6.218622332210413
13,0,2,15.090749079634573
14,1,0,3.2016959420453883
14,1,1,30.028305626773435
14,1,2,21.9614063141129
15,1,0,2.0766213611028856
15,1,1,11.210150971625046
15,1,2,22.60635306552668
16,1,0,15.162896571619179
16,1,1,19.283247057522093
16,1,2,38.23071798017804
17,0,0,-3.199779837977834
17,0,1,21.62248819987379
17,0,2,12.731714422560401
18,1,0,-8.481264870110312
18,1,1,22.48581518163685
18,1,2,46.78691948891587
19,0,0,4.165429431576815
19,0,1,15.430642502231885
19,0,2,26.905257693794727
20,0,0,22.178864478524986
20,0,1,20.462758932619728
20,0,2,21.779527218437096
21,1,0,-0.33125494978238557
21,1,1,16.940642511139604
21,1,2,31.712997519173786
22,1,0,15.873184233545805
22,1,1,12.720881059157318
22,1,2,20.159604139856665
23,1,0,8.10177545693481
23,1,1,29.512424503959352
23,1,2,32.32715480785946
24,0,0,3.9719317724908096
24,0,1,35.2156290820278
24,0,2,13.40883469925741
25,0,0,15.913408949692432
25,0,1,18.20337006760678
25,0,2,15.408219187082661
26,0,0,3.0428894195286027
26,0,1,9.5625252858331
26,0,2,26.855132226561192
27,1,0,22.993328049565108
27,1,1,11.769160567584803
27,1,2,37.367063093010174
28,0,0,15.561783359989974
28,0,1,15.121452860409846
28,0,2,7.09094633580705
29,0,0,9.526752917596763
29,0,1,17.406908009161327
29,0,2,22.288427924454847
30,1,0,9.35193737193827
30,1,1,31.89862000708593
30,1,2,26.719428395609526
31,0,0,10.987254306490765
31,0,1,23.282527480468282
31,0,2,13.146492685484802
32,0,0,6.8345041229085455
32,0,1,16.17977568272904
32,0,2,12.860056580379657
33,0,0,12.24030745032203
33,0,1,10.235539290265722
33,0,2,17.946235376195723
34,1,0,1.9694782513454445
34,1,1,23.82546760672178
34,1,2,20.552074876741354
35,1,0,7.248638305669942
35,1,1,18.604906954459555
35,1,2,32.80271122244694
36,1,0,7.171249142900689
36,1,1,24.707822656609746
36,1,2,12.949257170861774
37,0,0,5.943092992139863
37,0,1,25.169359829411473
37,0,2,31.074505888163976
38,1,0,-3.0718446512046347
38,1,1,15.008065072058393
38,1,2,27.7233369637529
39,1,0,5.423578083210813
39,1,1,12.05310271880678
39,1,2,13.548280556795866
40,0,0,3.7806380218234406
40,0,1,10.833351983584006
40,0,2,21.090606119867576
41,1,0,3.9616675328779194
41,1,1,13.989357548116507
41,1,2,33.7833368990796
42,0,0,2.729179522562365
42,0,1,9.83505228178849
42,0,2,12.992256921116896
43,1,0,2.500693227159659
43,1,1,-2.062101040065489
43,1,2,22.595907553956756
44,1,0,12.011455856882106
44,1,1,28.120083250228866
44,1,2,27.65981094724276
45,0,0,-6.076936501932076
45,0,1,8.702590476977637
45,0,2,38.648783518970106
46,0,0,17.553393982693557
46,0,1,19.99911443931125
46,0,2,11.132204752252315
47,1,0,-5.187064169330444
47,1,1,18.945955605241064
47,1,2,28.907680947850782
48,0,0,16.436557268061318
48,0,1,11.41467315927714
48,0,2,14.511464463143835
49,1,0,9.489113472280598
49,1,1,18.169179275264746
49,1,2,19.319453385533475
50,0,0,1.2790486239862808
50,0,1,-0.0500746459577055
50,0,2,14.776910007157989
51,1,0,18.595794673923205
51,1,1,11.339004219877328
51,1,2,31.96654492158032
52,0,0,5.551740610014916
52,0,1,18.12820241618481
52,0,2,23.251127241802337
53,0,0,33.644230703257364
53,0,1,19.56201688417126
53,0,2,33.90143525736486
54,0,0,5.561948324655916
54,0,1,14.444594788649164
54,0,2,18.74114981656313
55,1,0,17.56709168496902
55,1,1,25.62871220585489
55,1,2,19.631738263389128
56,0,0,10.815036515463088
56,0,1,17.571145192343877
56,0,2,29.702083151613124
57,1,0,-0.28385267747788845
57,1,1,10.268867967965546
57,1,2,28.095753419377292
58,0,0,8.353353776100393
58,0,1,31.681713017764377
58,0,2,27.441828292078775
59,0,0,6.605934826270476
59,0,1,4.1732939580134705
59,0,2,15.06490952040386
60,1,0,8.958717545608192
60,1,1,11.842548275654371
60,1,2,23.02130426022311
61,1,0,18.86728358303435
61,1,1,10.357005970515134
61,1,2,25.218665349302626
62,0,0,10.863333897758457
62,0,1,11.856956575784267
62,0,2,22.512300470950137
63,1,0,7.377540180449209
63,1,1,12.137259412511835
63,1,2,26.599772280257064
64,0,0,-3.9377436821927354
64,0,1,3.749669294102567
64,0,2,30.55199273218023
65,0,0,19.079150165377637
65,0,1,19.60538959635835
65,0,2,23.32335864151553
66,1,0,27.974138533591855
66,1,1,15.342172224129039
66,1,2,29.566568940927596
67,0,0,8.00484911795409
67,0,1,24.473688579663524
67,0,2,13.940165675713391
68,0,0,-1.9021832594744996
68,0,1,2.6322960645039553
68,0,2,27.207311329014182
69,1,0,11.708823314299089
69,1,1,10.468259279224876
69,1,2,27.499486316130387
70,0,0,8.227114995058562
70,0,1,28.559905577088607
70,0,2,20.34833922417786
71,1,0,5.988026363988578
71,1,1,10.857682115962552
71,1,2,24.889780736513757
72,1,0,12.708659391532446
72,1,1,23.489541602710812
72,1,2,19.232364186484862
73,0,0,19.715317722826555
73,0,1,3.4827500691111606
73,0,2,21.06716106511577
74,0,0,16.462232935731752
74,0,1,5.870891621100058
74,0,2,24.862086330704813
75,1,0,11.227363402391223
75,1,1,10.192462448617318
75,1,2,25.766369832295457
76,1,0,17.750909572430604
76,1,1,13.925415218887196
76,1,2,36.325853460303215
77,1,0,14.27290935366295
77,1,1,14.32499178256972
77,1,2,32.662150476069115
78,1,0,8.564367085368122
78,1,1,16.521747481010063
78,1,2,27.066986287946243
79,1,0,18.565870563529042
79,1,1,23.925873160824075
79,1,2,14.204701526742404
80,1,0,20.745259110512883
80,1,1,4.093543860095732
80,1,2,19.051253578046424
81,1,0,8.754442984255128
81,1,1,21.237829050104036
81,1,2,27.91923829262282
82,1,0,9.447123529154068
82,1,1,24.916585363063486
82,1,2,16.587761700315603
83,0,0,12.05756672576262
83,0,1,9.476671338869991
83,0,2,23.257481836502805
84,0,0,20.15263555264722
84,0,1,8.509914503978358
84,0,2,15.736755565078084
85,1,0,5.135635454310873
85,1,1,25.242005022694617
85,1,2,31.482563757983534
86,0,0,18.28289046645115
86,0,1,10.27031123718814
86,0,2,22.90967552469531
87,1,0,5.9937500028178015
87,1,1,10.063879048355952
87,1,2,30.45662614160981
88,0,0,3.9582994263539
88,0,1,12.799846040206415
88,0,2,12.064964665390974
89,0,0,7.293769805769706
89,0,1,22.567161553360943
89,0,2,19.64916443409721
90,0,0,16.131728149282743
90,0,1,18.131338597995896
90,0,2,12.876069113728564
91,1,0,13.90137671956296
91,1,1,27.04791151616029
91,1,2,17.3847532318741
92,0,0,7.056804264876571
92,0,1,11.362587283675706
92,0,2,32.97281804511963
93,0,0,6.462666157236416
93,0,1,11.876846072654036
93,0,2,7.5221683581390195
94,0,0,1.8884767335181953
94,0,1,9.003212128971574
94,0,2,15.800531667568698
95,0,0,28.50759215834786
95,0,1,10.63673169841948
95,0,2,5.385853312629747
96,1,0,3.4064504172121755
96,1,1,19.066894501525933
96,1,2,17.771197235839047
97,1,0,0.8726254868848722
97,1,1,25.77408628677198
97,1,2,14.027776364197381
98,1,0,4.543235311240998
98,1,1,21.510152063809237
98,1,2,26.767960773481047
99,1,0,8.167882085374178
99,1,1,20.74630008402957
99,1,2,19.48782406311626
100,1,0,11.236750350137068
100,1,1,17.18078853285228
100,1,2,29.144193329445457
101,1,0,10.828688178082668
101,1,1,14.364812232813556
101,1,2,19.87048570246609
102,0,0,14.272612803472581
102,0,1,16.907035920584
102,0,2,8.446387558081652
103,0,0,0.5259945038408684
103,0,1,14.971336805234532
103,0,2,25.710336034702905
104,1,0,7.8567727746997615
104,1,1,13.078863830764966
104,1,2,16.039317101420366
105,0,0,15.845127963415129
105,0,1,25.77704752822578
105,0,2,9.581298113253396
106,0,0,-5.113553877859024
106,0,1,7.792232223985322
106,0,2,29.24370456959663
107,1,0,3.008568142590554
107,1,1,9.455197587593654
107,1,2,34.60480879272186
108,1,0,-2.246375901565804
108,1,1,15.544631150815535
108,1,2,12.735146439875155
109,1,0,-6.282192673512461
109,1,1,18.54969600696384
109,1,2,23.629259340143605
110,0,0,-5.691338582970104
110,0,1,9.816572578426841
110,0,2,28.077910901907934
111,1,0,-6.7463911010368705
111,1,1,26.19547949960588
111,1,2,13.605312491348903
112,1,0,10.687743751977981
112,1,1,30.765747147426048
112,1,2,21.05244687372018
113,0,0,22.005573857431152
113,0,1,23.92426096525805
113,0,2,15.43684908218162
114,1,0,15.15247870777997
114,1,1,11.180246823756107
114,1,2,22.873261565516135
115,0,0,9.512492794702482
115,0,1,10.362065516052464
115,0,2,27.506331416055627
116,0,0,4.786432934112697
116,0,1,14.121649003854747
116,0,2,26.288096128368064
117,1,0,19.780977560660705
117,1,1,19.257046766397778
117,1,2,31.37925311113459
118,0,0,9.204969913105572
118,0,1,15.6424034795185
118,0,2,25.43933278651331
119,0,0,19.421593051401
119,0,1,9.513052699681378
119,0,2,17.688180039854345
120,0,0,-0.7896247990974228
120,0,1,21.597254684147998
120,0,2,26.76339555020796
121,1,0,6.920220065803127
121,1,1,9.960150022134318
121,1,2,31.683410344270538
122,0,0,13.953103157658514
122,0,1,18.03376239365588
122,0,2,23.95750998209028
123,1,0,13.394911656630438
123,1,1,23.005190070677422
123,1,2,21.700663002296515
124,0,0,6.41708664381436
124,0,1,7.326842602066238
124,0,2,20.175677851594262
125,0,0,16.08071756823676
125,0,1,11.686842797641342
125,0,2,20.630783138543585
126,1,0,6.038354184907347
126,1,1,15.130930358530296
126,1,2,23.95535439840143
127,1,0,2.0950724317922083
127,1,1,14.702860602404822
127,1,2,30.761393373142557
128,0,0,-1.068331599527962
128,0,1,17.642946970682125
128,0,2,22.252815304194897
129,0,0,6.493767352200678
129,0,1,30.443175185243412
129,0,2,17.6192291895794
130,0,0,8.607795769194599
130,0,1,6.464050950198188
130,0,2,9.414335338495901
131,0,0,12.449339865291746
131,0,1,10.934953641590743
131,0,2,12.060098099491363
132,1,0,10.258727441019172
132,1,1,25.14369180810727
132,1,2,17.406934923942913
133,0,0,10.562869572014757
133,0,1,22.980870368448272
133,0,2,12.411178048122572
134,1,0,11.536948850415852
134,1,1,18.182866758930707
134,1,2,37.571362106009616
135,1,0,18.684808551186727
135,1,1,20.05980486537201
135,1,2,30.264397361987015
136,1,0,13.793353189762321
136,1,1,22.48622426923147
136,1,2,22.40549190721742
137,0,0,16.659922123510352
137,0,1,18.552842727784878
137,0,2,22.03929390995782
138,0,0,-2.2668132047156853
138,0,1,25.957448160465987
138,0,2,21.93372273353579
139,0,0,5.959232447326137
139,0,1,8.489014495722728
139,0,2,21.11745515292811
140,1,0,-0.8870020351565824
140,1,1,20.367683999359784
140,1,2,17.33248035768736
141,1,0,1.6456199709256518
141,1,1,32.71639787474812
141,1,2,33.93508048217353
142,1,0,18.405168251307238
142,1,1,16.821153008434756
142,1,2,23.07172209245148
143,1,0,3.9262534456983254
143,1,1,17.079689413953794
143,1,2,25.27504106308633
144,1,0,17.227778919078578
144,1,1,18.587927741674847
144,1,2,12.673588449378164
145,1,0,6.603996043860453
145,1,1,21.732579126449462
145,1,2,29.569754441618805
146,1,0,19.26717699041545
146,1,1,1.2314957317438413
146,1,2,32.73047704363582
147,1,0,9.844953306118363
147,1,1,27.4701269792863
147,1,2,18.447452593072875
148,1,0,18.319024805706867
148,1,1,20.652239542923315
148,1,2,32.407581206936754
149,1,0,7.612899630189052
149,1,1,19.196415154813295
149,1,2,23.021664772752285
150,0,0,-2.055985483706115
150,0,1,11.999062348521168
150,0,2,19.040881279717073
151,1,0,13.299161076069328
151,1,1,28.606350059362363
151,1,2,34.89953644946152
152,1,0,8.542488109514666
152,1,1,20.66271996740885
152,1,2,26.809546638110884
153,0,0,-0.29972736449125215
153,0,1,16.546513395110086
153,0,2,32.52214385408656
154,1,0,19.276012262483466
154,1,1,3.250372175758745
154,1,2,30.47705559048741
155,0,0,13.365590120626937
155,0,1,11.606499536731203
155,0,2,19.85191362567764
156,1,0,-10.775478246305934
156,1,1,16.991427120560576
156,1,2,19.55108623998926
157,1,0,10.758383371615913
157,1,1,17.67320984168638
157,1,2,31.386442167392406
158,0,0,11.628298996535156
158,0,1,16.162497604548445
158,0,2,29.115814085007603
159,0,0,7.644064328659816
159,0,1,9.112271749192773
159,0,2,14.20654032713918
160,0,0,6.620221994054661
160,0,1,23.037775296900037
160,0,2,21.94586176040848
161,0,0,22.936413619327926
161,0,1,-0.5007889059941242
161,0,2,18.908822539219933
162,0,0,20.556437045419933
162,0,1,5.304990730072716
162,0,2,16.543659687463542
163,1,0,1.5882677460602341
163,1,1,21.591635145066135
163,1,2,4.229180653276231
164,1,0,8.149172819003905
164,1,1,20.908732856694296
164,1,2,32.97401214848997
165,1,0,8.52346242692339
165,1,1,0.9870623801210385
165,1,2,33.993822026307626
166,1,0,1.297508960769406
166,1,1,17.32322146832011
166,1,2,21.925785829913302
167,0,0,18.899618315027006
167,0,1,8.457484546395929
167,0,2,13.938894122134581
168,1,0,7.525927431788813
168,1,1,16.187808897900474
168,1,2,25.726534019959225
169,1,0,17.908853928115555
169,1,1,18.441615017884736
169,1,2,24.60001419399351
170,1,0,16.776879066016477
170,1,1,27.878108613263525
170,1,2,33.205357867457835
171,1,0,8.09069270761693
171,1,1,15.656121009844814
171,1,2,23.52166009015419
172,1,0,8.261964510997153
172,1,1,16.174665307856824
172,1,2,30.662794674254005
173,0,0,14.100668020980372
173,0,1,23.97131880867699
173,0,2,23.752523279191873
174,0,0,7.010419730691009
174,0,1,13.65269434520835
174,0,2,19.83753112907327
175,0,0,-3.1777523505068253
175,0,1,11.494050493805517
175,0,2,24.742913180490735
176,0,0,7.479754394789863
176,0,1,15.52617725063011
176,0,2,29.204429951543517
177,1,0,24.407711853875178
177,1,1,26.661388331082836
177,1,2,14.419261383177936
178,0,0,11.238345825166205
178,0,1,15.018654943785117
178,0,2,14.629394430701147
179,1,0,1.330263678257393
179,1,1,15.674296596311814
179,1,2,18.72415658569223
180,0,0,13.957398026864041
180,0,1,12.802597398058207
180,0,2,23.69111618252663
181,1,0,14.618694644961327
181,1,1,14.626645926468028
181,1,2,39.60249279394665
182,0,0,7.870528970884325
182,0,1,22.153949546070717
182,0,2,24.367549771945992
183,1,0,11.630906676187342
183,1,1,11.703138896404024
183,1,2,21.431844620114482
184,1,0,12.885944740471931
184,1,1,10.662296842518671
184,1,2,22.094709660915683
185,0,0,1.1054082136450063
185,0,1,25.9177564289234
185,0,2,22.265384677771934
186,0,0,16.899528749288013
186,0,1,14.402800592368486
186,0,2,21.357021743387833
187,0,0,15.354979450717302
187,0,1,23.27545042638568
187,0,2,17.515239335045155
188,0,0,21.171285052427045
188,0,1,18.206487887974312
188,0,2,21.494122422600775
189,1,0,17.34746814042403
189,1,1,5.713253539408888
189,1,2,28.29069273191014
190,1,0,23.57658242293858
190,1,1,5.424348330183756
190,1,2,13.039594011149415
191,1,0,12.368606885034389
191,1,1,22.69906987789389
191,1,2,12.311066582187944
192,0,0,-0.6207745937399789
192,0,1,17.051933073706635
192,0,2,28.229808300454124
193,0,0,18.801553535619156
193,0,1,6.811554584491032
193,0,2,28.021109710566797
194,0,0,11.12177611973705
194,0,1,16.783394738986587
194,0,2,18.00644025729564
195,0,0,5.173465650794573
195,0,1,26.06745472712267
195,0,2,32.40859254903152
196,0,0,16.769417527396477
196,0,1,18.198074082100415
196,0,2,8.571529708427779
197,0,0,10.559376163138412
197,0,1,12.776010251219493
197,0,2,22.06775142762193
198,1,0,15.509991389319236
198,1,1,15.657685244250478
198,1,2,35.849750542006994
199,1,0,14.329377305468215
199,1,1,14.388448560098922
199,1,2,32.4431171270629
200,0,0,10.486348597834391
200,0,1,19.93977614439681
200,0,2,20.339809538252837
201,1,0,6.095028579118202
201,1,1,11.168582086978994
201,1,2,33.83988836460508
202,1,0,12.771117680724716
202,1,1,29.261805131089716
202,1,2,25.722242599903222
203,1,0,4.313251971270212
203,1,1,27.6828329830945
203,1,2,26.47282637530384
204,0,0,11.471884649240614
204,0,1,8.75395802041669
204,0,2,8.61038783871111
205,0,0,16.00989579025422
205,0,1,4.091106829639553
205,0,2,16.726729962222834
206,0,0,10.795782128308819
206,0,1,12.163340380883428
206,0,2,18.999424270455734
207,0,0,8.409085533795253
207,0,1,16.581304375146406
207,0,2,22.84637163535596
208,1,0,14.39217503688555
208,1,1,14.72017677393708
208,1,2,30.38733201951556
209,0,0,18.491763097290082
209,0,1,18.02774003140089
209,0,2,21.22083998364245
210,0,0,9.942542484462503
210,0,1,18.141602255375037
210,0,2,21.75344474853487
211,1,0,8.29674767512404
211,1,1,16.01816417309599
211,1,2,25.11209868679749
212,1,0,5.328545779713503
212,1,1,17.176080142522203
212,1,2,15.133274195454803
213,0,0,8.283698813850247
213,0,1,15.21647544547625
213,0,2,18.84956524037636
214,0,0,13.507690347750778
214,0,1,7.825125362493524
214,0,2,20.796105921974515
215,1,0,9.294622195510241
215,1,1,25.443092961344973
215,1,2,21.15207604458336
216,0,0,14.78006797154421
216,0,1,9.41906142469076
216,0,2,20.533720666159134
217,0,0,2.6197701747107685
217,0,1,13.476115920149761
217,0,2,20.206619402333736
218,1,0,12.33659828483031
218,1,1,6.486682128588042
218,1,2,26.575060130657345
219,0,0,22.503097501435715
219,0,1,25.181380620285758
219,0,2,28.487622786559882
220,0,0,22.32049172729389
220,0,1,7.355530916990228
220,0,2,16.48078647934756
221,0,0,-1.1720972150252544
221,0,1,19.5492613962899
221,0,2,20.952003214624792
222,0,0,3.848827340377432
222,0,1,25.30618704078993
222,0,2,16.184886522484593
223,0,0,15.581745301703965
223,0,1,25.240259636194406
223,0,2,13.971860255044195
224,1,0,4.635760726571929
224,1,1,27.256174555057903
224,1,2,31.46114745305303
225,1,0,3.2293439590552317
225,1,1,18.649213732169105
225,1,2,22.551789685147867
226,0,0,2.915748521863277
226,0,1,10.848915090943548
226,0,2,16.530060392804998
227,0,0,3.068900659041116
227,0,1,18.482571815205098
227,0,2,25.972734916159332
228,1,0,7.377767616890309
228,1,1,27.999590031743583
228,1,2,38.06742211982621
229,1,0,12.717692419744104
229,1,1,20.613253759165854
229,1,2,21.62472271453221
230,0,0,-0.09242814390150844
230,0,1,24.96903221244132
230,0,2,6.5424720828417495
231,1,0,21.870847560541186
231,1,1,21.082975851972748
231,1,2,19.106164179860706
232,0,0,20.946433239261328
232,0,1,6.461413413984944
232,0,2,20.4984882788898
233,1,0,8.011049733769106
233,1,1,26.83773844560656
233,1,2,38.37775990049537
234,1,0,10.236525866013187
234,1,1,8.149013595586371
234,1,2,29.376713269739643
235,0,0,12.522650057443284
235,0,1,9.625252702841848
235,0,2,22.802890566401924
236,0,0,2.3256609561965753
236,0,1,26.227964906137178
236,0,2,33.29141320753378
237,1,0,12.080380454445619
237,1,1,11.744527672594447
237,1,2,23.670533904642863
238,0,0,8.150585219202645
238,0,1,15.437089604670442
238,0,2,32.846195822781816
239,1,0,7.243537162686632
239,1,1,16.3594945049612
239,1,2,25.524512791169574
240,0,0,15.902919137661454
240,0,1,18.338672466096806
240,0,2,26.086545496707913
241,0,0,22.955668804147393
241,0,1,11.44705219815886
241,0,2,12.866344733750182
242,1,0,17.775641510789747
242,1,1,17.378913338838114
242,1,2,27.379530631893914
243,1,0,-0.5966241330549273
243,1,1,20.68242997206109
243,1,2,28.49677793664133
244,0,0,-3.776203751913373
244,0,1,20.46946420145666
244,0,2,23.843523342128815
245,1,0,13.577843842120739
245,1,1,24.30696898279057
245,1,2,30.69444501062774
246,0,0,13.819560382801319
246,0,1,5.548117202548946
246,0,2,30.296910656521405
247,0,0,7.540882488594067
247,0,1,12.403666060805582
247,0,2,20.885822136258057
248,0,0,4.727655802205773
248,0,1,11.856043858739115
248,0,2,32.10079473454425
249,1,0,12.344332108958163
249,1,1,10.79556408250465
249,1,2,30.986876802511887
250,1,0,1.6493104284011535
250,1,1,17.628222552960327
250,1,2,21.749784012003058
251,1,0,11.721636579264835
251,1,1,16.94972894551232
251,1,2,17.28782926032575
252,0,0,5.386267976781014
252,0,1,0.5398904496149726
252,0,2,13.926891081819134
253,1,0,10.660127087356951
253,1,1,6.7495371081335165
253,1,2,27.813740342747323
254,0,0,11.134141762158636
254,0,1,14.913927039239207
254,0,2,30.258088910273756
255,0,0,15.340010997975146
255,0,1,13.885875088295286
255,0,2,11.528251421527521
256,0,0,11.599053488327655
256,0,1,7.147149615902398
256,0,2,27.75991576722866
257,0,0,2.6466659091436107
257,0,1,30.83966427716123
257,0,2,19.445721710393123
258,0,0,5.221886710744665
258,0,1,13.590288055708088
258,0,2,35.622823003760956
259,0,0,-5.19175603909557
259,0,1,25.388665128429288
259,0,2,22.110586260373577
260,1,0,18.737286865479795
260,1,1,24.015447836420144
260,1,2,28.817165136393363
261,1,0,0.5249924982962568
261,1,1,7.962729534012737
261,1,2,37.504716102706425
262,0,0,3.271841392236074
262,0,1,20.35824823544246
262,0,2,17.41179428106598
263,1,0,5.468383085172687
263,1,1,22.33556608361772
263,1,2,8.364204999375318
264,0,0,-1.6983434165706637
264,0,1,10.70298858321955
264,0,2,17.283098819464684
265,0,0,16.792378616977707
265,0,1,3.4596148903579804
265,0,2,2.3140036269610356
266,1,0,17.792814569757333
266,1,1,3.8806106218613827
266,1,2,20.495614803772312
267,0,0,3.683355619746692
267,0,1,7.396225602217385
267,0,2,27.234702053866748
268,0,0,5.962512900083768
268,0,1,6.509533661444949
268,0,2,28.31663146290443
269,0,0,-6.251006517525028
269,0,1,8.390524468643331
269,0,2,19.48140480932006
270,0,0,7.654955068434404
270,0,1,15.370169983496638
270,0,2,13.48665106444159
271,1,0,19.209847980219642
271,1,1,23.91083606898458
271,1,2,17.167457853764382
272,0,0,8.014947251339278
272,0,1,15.94669471675626
272,0,2,18.741281284211134
273,1,0,26.38737808052128
273,1,1,12.807854110664532
273,1,2,25.779716345391012
274,0,0,11.638733529961058
274,0,1,21.208603175267363
274,0,2,18.21136519060016
275,1,0,1.0151545339737496
275,1,1,18.368873618078187
275,1,2,31.984405401230767
276,1,0,8.914270434926413
276,1,1,25.946254404426817
276,1,2,19.606400758585103
277,1,0,9.059769088627094
277,1,1,17.81328024950042
277,1,2,20.019148504769152
278,1,0,11.595688387078946
278,1,1,14.41424469806671
278,1,2,32.341540042308075
279,0,0,3.946696229617496
279,0,1,13.909216566940835
279,0,2,20.801552676826375
280,1,0,5.484267936533046
280,1,1,15.86753631477796
280,1,2,23.848202088149577
281,1,0,10.72722860597593
281,1,1,16.955059590507247
281,1,2,22.191127454862627
282,1,0,9.044836781667769
282,1,1,24.17075298671716
282,1,2,35.38742147815443
283,0,0,10.854732630073276
283,0,1,25.253378905803217
283,0,2,21.975368832592075
284,0,0,8.337339044896595
284,0,1,5.78856194770755
284,0,2,15.45737798733563
285,0,0,6.861252008880064
285,0,1,5.586992641639894
285,0,2,21.284020442679196
286,0,0,12.221956577247589
286,0,1,20.53815145032178
286,0,2,26.773103100023707
287,0,0,18.46592692492552
287,0,1,10.641264081775311
287,0,2,15.773266343410326
288,1,0,2.5934918844985595
288,1,1,11.390797659522113
288,1,2,31.56993140595842
289,0,0,8.899109391335879
289,0,1,24.54179821708297
289,0,2,19.56844798600097
290,1,0,7.616422799715731
290,1,1,31.17992070497737
290,1,2,17.651245672500075
291,0,0,22.01670024744012
291,0,1,10.442237999312415
291,0,2,25.05280683980635
292,0,0,11.315342792013144
292,0,1,9.86287790458756
292,0,2,22.525760466781474
293,1,0,8.661218837868862
293,1,1,16.792618114883478
293,1,2,24.8338161541061
294,0,0,16.070658272636486
294,0,1,16.70979738635288
294,0,2,27.724337653823216
295,0,0,23.468491650064067
295,0,1,14.385698292613558
295,0,2,28.069393511962083
296,1,0,6.9952491777255155
296,1,1,18.24025960437917
296,1,2,26.770281961000936
297,1,0,12.295227217354995
297,1,1,29.230170798343345
297,1,2,14.055770799304835
298,0,0,13.184153556599432
298,0,1,6.136894981725859
298,0,2,16.38083930897912
299,0,0,12.472624136551989
299,0,1,10.55607057767439
299,0,2,19.01462655504436
300,1,0,6.148456675741118
300,1,1,20.304669332464606
300,1,2,14.814497259678607
301,0,0,26.32889797593574
301,0,1,23.150842837377105
301,0,2,32.54129860855187
302,0,0,24.98015901283378
302,0,1,-1.597237616628533
302,0,2,17.22120950120232
303,1,0,7.309990925817126
303,1,1,22.681115589591148
303,1,2,39.60090571685191
304,0,0,2.7907970943849296
304,0,1,16.958551669675806
304,0,2,26.069494739487745
305,1,0,17.037875713602457
305,1,1,3.704500771122362
305,1,2,18.89922417768399
306,0,0,7.276938095322203
306,0,1,12.203288231533007
306,0,2,23.897443905072507
307,0,0,11.385637436343607
307,0,1,17.71829171262526
307,0,2,29.87948216074902
308,0,0,11.002890883235589
308,0,1,16.787769753004675
308,0,2,20.82383044802657
309,1,0,4.748566092962069
309,1,1,12.822243660960464
309,1,2,26.38915552373698
310,1,0,13.127239747318622
310,1,1,13.898431702161323
310,1,2,23.191711428087903
311,1,0,1.511405096089753
311,1,1,14.808864196944452
311,1,2,32.62766276073869
312,0,0,17.252422978991827
312,0,1,17.15620295633671
312,0,2,9.242586900447431
313,1,0,12.70822740624859
313,1,1,11.037573074041955
313,1,2,30.314434005429504
314,1,0,8.240529882097883
314,1,1,24.818903939901684
314,1,2,41.33195913982954
315,0,0,10.851917609835017
315,0,1,14.79393117424882
315,0,2,20.196845752574255
316,1,0,7.296132117323209
316,1,1,32.243193858840485
316,1,2,22.80151350615318
317,1,0,0.5561926462212057
317,1,1,16.534324010995697
317,1,2,32.699199903871914
318,1,0,15.83831678556283
318,1,1,29.416201347026195
318,1,2,12.740987193927126
319,0,0,-14.25530184427292
319,0,1,14.979195253872753
319,0,2,27.03198285419206
320,0,0,-1.6365339251045237
320,0,1,32.32834615909746
320,0,2,9.841431227127295
321,1,0,12.940201172672339
321,1,1,10.06500456798398
321,1,2,28.657564623551504
322,0,0,-2.4547220587669676
322,0,1,15.741929067892467
322,0,2,10.006180818346213
323,0,0,20.816665092685604
323,0,1,21.838637831044398
323,0,2,14.199980858332754
324,1,0,19.09545334733987
324,1,1,22.281108502920354
324,1,2,24.30520187998684
325,1,0,8.415896800326859
325,1,1,16.650727056849675
325,1,2,17.527585521275366
326,1,0,11.384253311561604
326,1,1,20.65271775552223
326,1,2,37.223892076517636
327,0,0,7.227550909791519
327,0,1,12.07938954648806
327,0,2,14.500743170371836
328,1,0,15.07558071758741
328,1,1,19.70323426390146
328,1,2,37.124937147019786
329,1,0,15.372846059489692
329,1,1,26.86670035191827
329,1,2,33.06308013162366
330,0,0,0.13433270926030616
330,0,1,5.674650263016213
330,0,2,13.553884758199207
331,1,0,8.863719358289579
331,1,1,24.107521705478117
331,1,2,24.11941683941648
332,0,0,0.1934550524208074
332,0,1,14.560475730150728
332,0,2,15.008880656295975
333,1,0,15.456827791606514
333,1,1,21.311868316446876
333,1,2,19.806542817804
334,1,0,22.242171880119418
334,1,1,14.002027305621949
334,1,2,36.652979570295265
335,1,0,13.379559843229927
335,1,1,17.319528315013855
335,1,2,16.705742051402183
336,0,0,1.9564510786396454
336,0,1,9.893928433688314
336,0,2,11.231585648529427
337,1,0,-0.4311602164713637
337,1,1,33.505734083369305
337,1,2,26.106755757963082
338,1,0,0.5748780605825843
338,1,1,19.94000636314196
338,1,2,17.921835003105436
339,0,0,21.788310096553495
339,0,1,13.815455415586541
339,0,2,18.662491722106157
340,1,0,11.019550692335343
340,1,1,16.205370552399728
340,1,2,34.51671363966543
341,0,0,15.408243348295063
341,0,1,10.008941206110823
341,0,2,15.570288305231287
342,0,0,13.148912191013412
342,0,1,9.675333437908673
342,0,2,16.427720516058326
343,0,0,10.623224210836913
343,0,1,21.131347705934335
343,0,2,14.464028029006396
344,0,0,39.166835509711845
344,0,1,24.616410762005245
344,0,2,40.67607174586459
345,0,0,3.2416229882446457
345,0,1,23.84712514783313
345,0,2,26.195660996911933
346,1,0,6.138514122912783
346,1,1,21.59553534467546
346,1,2,23.850579765119996
347,0,0,1.99878176763308
347,0,1,1.6806175917262678
347,0,2,12.343984688699116
348,1,0,11.821484537667498
348,1,1,25.30567045665412
348,1,2,15.161312705223478
349,1,0,2.246365788699727
349,1,1,14.548823130766129
349,1,2,24.534079018055607
350,1,0,6.553205290336952
350,1,1,17.137236307573364
350,1,2,25.130656519102832
351,0,0,16.589258222319668
351,0,1,16.494476001166824
351,0,2,26.982624770347552
352,1,0,12.272514699697874
352,1,1,27.049888138397378
352,1,2,28.85888712438006
353,1,0,14.914680998679138
353,1,1,23.939916500018704
353,1,2,32.32133198258924
354,1,0,13.159522074711683
354,1,1,21.447609581102597
354,1,2,36.550196442806794
355,1,0,-0.5151308672048351
355,1,1,13.120577880209995
355,1,2,18.221345264538595
356,1,0,9.788959258677632
356,1,1,27.970566471846777
356,1,2,24.38351786889384
357,1,0,24.1293343681742
357,1,1,20.453639808934234
357,1,2,22.025154478088577
358,0,0,2.567238342345023
358,0,1,11.688022487870452
358,0,2,26.188061687671322
359,1,0,14.63433060156645
359,1,1,18.657258163395944
359,1,2,37.17554482252197
360,1,0,15.289645244116635
360,1,1,14.38579258346288
360,1,2,24.72084294113055
361,1,0,13.560628339280198
361,1,1,18.580086679236388
361,1,2,24.2355922191762
362,1,0,10.78850851486091
362,1,1,4.42761740445045
362,1,2,25.414261083374363
363,1,0,6.907529977042616
363,1,1,26.420327143339854
363,1,2,14.596529528618055
364,0,0,-1.8940684490357427
364,0,1,21.444046727963766
364,0,2,14.27217447970946
365,1,0,1.8753588777093642
365,1,1,23.02250751609846
365,1,2,26.29072346727021
366,1,0,17.95469897492341
366,1,1,19.499063872964488
366,1,2,18.731757668180357
367,0,0,0.23798505186915975
367,0,1,15.447753234734169
367,0,2,9.423164502127678
368,1,0,16.398024762322976
368,1,1,23.13139261291516
368,1,2,24.971537493299518
369,0,0,9.168813083244371
369,0,1,19.365887187903024
369,0,2,27.23944644344042
370,1,0,2.5083406615228343
370,1,1,-6.500568682783516
370,1,2,24.875631895178685
371,1,0,-2.3994788695140503
371,1,1,12.019378111424604
371,1,2,27.370371770639956
372,1,0,8.244897609100203
372,1,1,16.411093251588206
372,1,2,28.17621685757166
373,0,0,16.105153407326412
373,0,1,9.48206674152997
373,0,2,29.697477970076392
374,0,0,16.69371989270165
374,0,1,10.755236210340833
374,0,2,11.169745465838876
375,0,0,0.6887828548032342
375,0,1,8.050665265982499
375,0,2,23.20271943567311
376,0,0,7.424670477775885
376,0,1,25.61104939952419
376,0,2,25.907761266515152
377,1,0,12.239755866292457
377,1,1,18.31170817695876
377,1,2,10.426115928102606
378,1,0,8.278031631526138
378,1,1,15.345159055236987
378,1,2,22.694287380817322
379,1,0,17.373806093721797
379,1,1,16.05495649223136
379,1,2,31.96530270247669
380,0,0,7.4425732785460665
380,0,1,7.013920323433815
380,0,2,30.29287903792396
381,0,0,11.417335740422047
381,0,1,14.194827599255392
381,0,2,23.877157412464356
382,1,0,-5.839150585558608
382,1,1,17.37181970018794
382,1,2,22.061902099611167
383,0,0,-8.027701742136443
383,0,1,14.060373928494077
383,0,2,22.758203290808623
384,1,0,21.735145995625327
384,1,1,24.332398236808555
384,1,2,19.757863913242307
385,1,0,12.465972178000504
385,1,1,8.373616545140713
385,1,2,16.97165721205094
386,1,0,14.098998881893044
386,1,1,13.022753900398344
386,1,2,37.48248367782472
387,0,0,7.5708469600885016
387,0,1,16.689687913932694
387,0,2,12.284936050988433
388,1,0,12.755713411443477
388,1,1,12.603931651693822
388,1,2,28.44497855359936
389,1,0,12.038530010078162
389,1,1,26.3313696210666
389,1,2,29.78944431142076
390,0,0,28.346291088984483
390,0,1,23.90492360268688
390,0,2,12.315642919485638
391,1,0,9.696998507916039
391,1,1,17.503042513406214
391,1,2,14.965779478832502
392,0,0,13.964447541169166
392,0,1,10.277282890726179
392,0,2,17.131598461836695
393,0,0,21.95482500760523
393,0,1,12.289253054769231
393,0,2,22.149250040861272
394,0,0,13.547389480509853
394,0,1,22.85059702320941
394,0,2,36.612782183286576
395,0,0,12.493029757375275
395,0,1,15.94417632215839
395,0,2,12.733282413051946
396,1,0,3.6601013568801477
396,1,1,19.164377346601487
396,1,2,26.74145898520536
397,0,0,7.416230702705226
397,0,1,18.615757991732725
397,0,2,13.05866968779893
398,0,0,19.166450027466002
398,0,1,14.648178311548811
398,0,2,21.529984651588737
399,0,0,8.270029136026189
399,0,1,20.29795360580064
399,0,2,13.114643937421272
400,0,0,5.86439603109824
400,0,1,9.007806319855288
400,0,2,10.676751770708652
401,1,0,18.714322624471663
401,1,1,14.791073046579656
401,1,2,12.093999237270749
402,1,0,16.388607877095836
402,1,1,15.931721473941053
402,1,2,9.455735076417135
403,0,0,4.204652319477994
403,0,1,18.919461420636697
403,0,2,27.24095805865899
404,1,0,15.643894516927807
404,1,1,25.517358860825965
404,1,2,17.870254780403453
405,0,0,12.557691947569896
405,0,1,8.341723933634587
405,0,2,17.15557110633689
406,1,0,21.87060646577445
406,1,1,21.489510995594028
406,1,2,27.34499807226148
407,1,0,9.930767472041044
407,1,1,31.125131267277624
407,1,2,16.99636576440968
408,0,0,-0.12249984625472443
408,0,1,9.938840572384683
408,0,2,14.897272091759945
409,1,0,3.5881197887107987
409,1,1,10.72603825045686
409,1,2,31.306108587341484
410,1,0,-1.0047744122859221
410,1,1,10.549312320009927
410,1,2,24.473107744910692
411,1,0,3.720759924833776
411,1,1,10.59822944551205
411,1,2,18.562674698891147
412,0,0,7.167286572026098
412,0,1,18.28063809519652
412,0,2,25.649842985651127
413,0,0,9.222044217032188
413,0,1,20.935930941818533
413,0,2,18.868092246021675
414,0,0,14.232960259403113
414,0,1,25.766864338480318
414,0,2,13.723735167547606
415,1,0,15.771587480559484
415,1,1,12.264572636109502
415,1,2,34.08157354486012
416,0,0,15.628781579027198
416,0,1,20.6637132212756
416,0,2,21.751246008720795
417,1,0,4.647236162198158
417,1,1,26.9538697357445
417,1,2,23.586669118130274
418,0,0,21.86650368064135
418,0,1,10.084502864036423
418,0,2,18.96828400304289
419,0,0,9.645870503103074
419,0,1,12.008488319593157
419,0,2,23.407114911176258
420,0,0,7.447346459832446
420,0,1,12.287856716737386
420,0,2,15.300452169423718
421,0,0,5.658638227734383
421,0,1,9.044576208503074
421,0,2,22.096875367902236
422,1,0,9.420313241410895
422,1,1,18.69575003715704
422,1,2,24.202448915516825
423,1,0,15.029080372944744
423,1,1,19.416392771509365
423,1,2,21.85593851866114
424,1,0,18.845155694170906
424,1,1,33.01399919299491
424,1,2,23.25500193622223
425,0,0,7.3819863095762965
425,0,1,23.94107139780999
425,0,2,31.27321522368161
426,1,0,0.551735592796236
426,1,1,20.928831291662448
426,1,2,24.62570826013271
427,1,0,5.534604012474142
427,1,1,2.7616923351696645
427,1,2,32.55129407410978
428,1,0,2.787926949117642
428,1,1,15.722639293634424
428,1,2,27.228841531260088
429,0,0,15.347516355295017
429,0,1,11.65779674931624
429,0,2,9.984517557754549
430,1,0,14.765953677858592
430,1,1,21.117679966541132
430,1,2,27.772969720309572
431,1,0,12.058988593777261
431,1,1,25.12960902666053
431,1,2,15.864229586842608
432,1,0,23.590582162700326
432,1,1,2.6869299345585897
432,1,2,35.61750281562
433,0,0,14.593281517536845
433,0,1,12.220607872314416
433,0,2,16.67112295285589
434,1,0,11.271129295472775
434,1,1,19.05499529652179
434,1,2,28.745573682520515
435,1,0,13.183804804125531
435,1,1,-0.8769250003558575
435,1,2,13.422253928008649
436,1,0,3.095747602350934
436,1,1,9.819931564708481
436,1,2,7.6367785489394
437,0,0,14.545192092515059
437,0,1,22.113764524094545
437,0,2,16.32133522293967
438,0,0,14.171231434902518
438,0,1,1.4256101527865432
438,0,2,13.064603869646199
439,0,0,9.654534055346057
439,0,1,18.765123094596273
439,0,2,37.22183873160235
440,0,0,13.672712213802432
440,0,1,14.44560083524743
440,0,2,15.5238423089673
441,1,0,11.794770290501383
441,1,1,7.295265646206358
441,1,2,43.81510315514069
442,1,0,-8.77482663653724
442,1,1,21.16876689372556
442,1,2,16.918758238256856
443,1,0,14.369267397445778
443,1,1,24.971209322284086
443,1,2,16.848634028650096
444,1,0,6.538655213630946
444,1,1,0.6111504687922373
444,1,2,24.860313052850614
445,1,0,14.060002114716092
445,1,1,24.77579989286069
445,1,2,19.83380220084198
446,1,0,15.28381518681714
446,1,1,19.896557758148447
446,1,2,22.805895344383707
447,0,0,6.89312922729425
447,0,1,19.776431054980378
447,0,2,13.286711414609078
448,1,0,11.608972739095172
448,1,1,4.536782283570254
448,1,2,20.764483717957425
449,0,0,8.102867998034853
449,0,1,21.99310998438793
449,0,2,27.40142402791658
450,0,0,18.36026539949926
450,0,1,13.75163929007907
450,0,2,10.422810396632782
451,0,0,36.71506200874488
451,0,1,5.124806364186126
451,0,2,21.322718113036167
452,0,0,4.090544671414783
452,0,1,10.942541728125969
452,0,2,20.588627617776726
453,0,0,16.27845441844058
453,0,1,14.764136618167758
453,0,2,18.791449453689637
454,1,0,9.726824123121835
454,1,1,15.584406826816156
454,1,2,25.02086940181599
455,1,0,7.378510210390154
455,1,1,29.515567015022476
455,1,2,22.882505423069354
456,1,0,14.55586241948444
456,1,1,9.239790365233356
456,1,2,29.636465152082707
457,0,0,-1.7998279539041597
457,0,1,3.9678300706874445
457,0,2,12.089711146977695
458,1,0,-0.9585129962030976
458,1,1,25.66978767492153
458,1,2,30.41744431530261
459,0,0,10.147425263718516
459,0,1,5.0007023611156525
459,0,2,25.51015309905152
460,0,0,2.357266389745277
460,0,1,8.386927146408393
460,0,2,14.872200545828026
461,0,0,10.196161573493725
461,0,1,24.05627079543357
461,0,2,26.036110095854482
462,0,0,11.666653835279607
462,0,1,14.582954052905654
462,0,2,20.371970092482165
463,1,0,1.920171034015783
463,1,1,25.322859969232304
463,1,2,31.531145673636594
464,0,0,21.33927126012906
464,0,1,18.98648018378954
464,0,2,18.174890168385765
465,1,0,-2.2975447974451804
465,1,1,16.15203245420168
465,1,2,30.696050564810477
466,0,0,-9.524678757589474
466,0,1,23.968804723494692
466,0,2,12.848488265065159
467,1,0,5.543040949636229
467,1,1,28.43833873225514
467,1,2,30.773387582348192
468,0,0,2.1416875683200125
468,0,1,13.832650669305814
468,0,2,27.74484472431789
469,1,0,10.51337815330295
469,1,1,14.193614308105502
469,1,2,30.85568295292516
470,1,0,16.1091750772199
470,1,1,14.852774953891672
470,1,2,22.378215866124545
471,0,0,4.968682771251984
471,0,1,29.167046046054573
471,0,2,38.2256981112978
472,0,0,27.690324924647815
472,0,1,7.367071074604302
472,0,2,38.51458367765797
473,1,0,18.102295113828895
473,1,1,-0.054996455263825794
473,1,2,24.102068504606343
474,0,0,14.090134169799004
474,0,1,8.413373966073177
474,0,2,15.53585325465712
475,0,0,9.263678646436812
475,0,1,6.300579402363828
475,0,2,23.552370812950908
476,0,0,13.416640378284193
476,0,1,17.78159549443408
476,0,2,11.795017913974576
477,0,0,11.744206256981707
477,0,1,2.620289692479365
477,0,2,7.053054557390439
478,0,0,15.962471128833243
478,0,1,9.090500300654462
478,0,2,14.182113939209964
479,0,0,-0.9506038313077478
479,0,1,20.125187685024983
479,0,2,15.83451641635816
480,0,0,3.833002065498106
480,0,1,19.635015530580763
480,0,2,25.94521336807508
481,1,0,2.8559445675075015
481,1,1,30.38485580275494
481,1,2,24.45876177242221
482,0,0,5.775308720694096
482,0,1,19.244667475049976
482,0,2,19.91941163134628
483,1,0,7.127817202244688
483,1,1,13.149400479501764
483,1,2,29.40119466083529
484,0,0,17.941408464410554
484,0,1,22.779613233294015
484,0,2,12.148088008243086
485,0,0,16.896909107819422
485,0,1,11.375694552460132
485,0,2,14.999098714249307
486,1,0,6.057291777090741
486,1,1,8.679500106554602
486,1,2,26.653899382731307
487,1,0,20.349508858999023
487,1,1,25.346759245618962
487,1,2,33.25792488397725
488,1,0,7.9686731516684945
488,1,1,17.993230953868213
488,1,2,18.982296189788286
489,0,0,9.081799631235189
489,0,1,4.038712019471841
489,0,2,17.941361280346698
490,1,0,10.134758589638645
490,1,1,7.128069824832835
490,1,2,25.472339280839723
491,0,0,-3.64867809317553
491,0,1,22.519396812998774
491,0,2,19.387495751939397
492,1,0,5.609903255603972
492,1,1,16.426299731280835
492,1,2,25.925945285433528
493,1,0,19.11085473950412
493,1,1,21.774131180454685
493,1,2,33.288868738377516
494,0,0,20.68674380543824
494,0,1,10.62591414220505
494,0,2,24.84019725780145
495,1,0,17.419131961273372
495,1,1,12.576405831704761
495,1,2,22.900805836918067
496,0,0,16.075041986947245
496,0,1,4.5927579644423036
496,0,2,21.46768842107263
497,0,0,9.929488181487406
497,0,1,15.394494376593316
497,0,2,23.361190225890162
498,0,0,13.739976668035899
498,0,1,25.377151547813778
498,0,2,22.705198946757545
499,1,0,7.330599303833223
499,1,1,9.19945654266113
499,1,2,31.803526457802338
500,1,0,15.973420755453821
500,1,1,21.843144110633748
500,1,2,21.65902950631059
